vocab,reading,english,my_meaning,example_jp,example_en,example,lesson,section,page,textbook
きっかけ,,ice breaker,,,,,1,知って楽しむ,1,できる日本語 中級 本冊
中心,ちゅうしん,center,,,,,1,知って楽しむ,1,できる日本語 中級 本冊
立場,たちば,position,,,,,1,知って楽しむ,1,できる日本語 中級 本冊
試す,ためす,try (out),,,,,1,知って楽しむ,1,できる日本語 中級 本冊
あなた,,You,,,,,1,知って楽しむ,1,できる日本語 中級 本冊
旅・する,たび・する,to travel,,,,,1,知って楽しむ,1,できる日本語 中級 本冊
お供,おとも,companion,,,,,1,知って楽しむ,1,できる日本語 中級 本冊
動物,どうぶつ,animal,,,,,1,知って楽しむ,1,できる日本語 中級 本冊
羊,ひつじ,sheep,,,,,1,知って楽しむ,1,できる日本語 中級 本冊
馬,うま,horse,,,,,1,知って楽しむ,1,できる日本語 中級 本冊
ライオン,,lion,,,,,1,知って楽しむ,1,できる日本語 中級 本冊
牛,うし,cow,,,,,1,知って楽しむ,1,できる日本語 中級 本冊
協力・する,きょうりょく・する,to cooperate,,,,,1,知って楽しむ,1,できる日本語 中級 本冊
さて,,"so, well",,,,,1,知って楽しむ,1,できる日本語 中級 本冊
順に,じゅんに,"in order, in turn",,,,,1,知って楽しむ,1,できる日本語 中級 本冊
手放す,てばなす,let go,,,,,1,知って楽しむ,1,できる日本語 中級 本冊
なぜ,,why,,,,,1,知って楽しむ,1,できる日本語 中級 本冊
付ける,つける,to give (a number),,番号を付ける,to give a number,,1,知って楽しむ,1,できる日本語 中級 本冊
それぞれ,,each,,,,,1,知って楽しむ,1,できる日本語 中級 本冊
象徴・する,しょうちょう・する,to represent,,,,,1,知って楽しむ,1,できる日本語 中級 本冊
財産,ざいさん,possessions,,,,,1,知って楽しむ,1,できる日本語 中級 本冊
やわらか（な）,,soft,,,,,1,知って楽しむ,1,できる日本語 中級 本冊
そば,,beside,,,,,1,知って楽しむ,1,できる日本語 中級 本冊
ほっと,,"(to feel) relief, comfort",,,,,1,知って楽しむ,1,できる日本語 中級 本冊
移動・する,いどう・する,"to move, to travel",,,,,1,知って楽しむ,1,できる日本語 中級 本冊
手段,しゅだん,means,,,,,1,知って楽しむ,1,できる日本語 中級 本冊
表す,あらわす,to represent,,,,,1,知って楽しむ,1,できる日本語 中級 本冊
つまり,,in other words,,,,,1,知って楽しむ,1,できる日本語 中級 本冊
困難（な）,こんなん,adversity,,,,,1,知って楽しむ,1,できる日本語 中級 本冊
守る,まもる,to protect,,,,,1,知って楽しむ,1,できる日本語 中級 本冊
たっぷり（な）,,full of,,,,,1,知って楽しむ,1,できる日本語 中級 本冊
与える,あたえる,to give,,,,,1,知って楽しむ,1,できる日本語 中級 本冊
順番,じゅんばん,order,,,,,1,知って楽しむ,1,できる日本語 中級 本冊
人生,じんせい,life,,,,,1,知って楽しむ,1,できる日本語 中級 本冊
出合う,であう,to encounter,,,,,1,知って楽しむ,1,できる日本語 中級 本冊
自然（な）,しぜん,naturally,,,,,1,知って楽しむ,1,できる日本語 中級 本冊
昔話,むかしばなし,folk tale,,,,,1,知って楽しむ,1,できる日本語 中級 本冊
キジ,,pheasant,,,,,1,知って楽しむ,1,できる日本語 中級 本冊
連れる,つれる,to take someone (with),,,,,1,知って楽しむ,1,できる日本語 中級 本冊
鬼退治,おにたいじ,ogre hunting,,,,,1,知って楽しむ,1,できる日本語 中級 本冊
重大（な）,じゅうだい,"major, important",,,,,1,知って楽しむ,1,できる日本語 中級 本冊
種明かし,たねあかし,answer,,,,,1,知って楽しむ,1,できる日本語 中級 本冊
掲示板,けいじばん,noticeboard,,,,,1,1,1,できる日本語 中級 本冊
交流・する,こうりゅう・する,"to interact, to exchange",,,,,1,1,1,できる日本語 中級 本冊
協会,きょうかい,association,,,,,1,1,1,できる日本語 中級 本冊
ウェルカムパーティー,,welcome party,,,,,1,1,1,できる日本語 中級 本冊
広場,ひろば,"space, place",,,,,1,1,1,できる日本語 中級 本冊
日時,にちじ,date and time,,,,,1,1,1,できる日本語 中級 本冊
人数,にんずう,no. of people,,,,,1,1,1,できる日本語 中級 本冊
先着,せんちゃく,first,,,,,1,1,1,できる日本語 中級 本冊
～名,めい,people,,50名,50 people,,1,1,1,できる日本語 中級 本冊
または,,or,,,,,1,1,1,できる日本語 中級 本冊
当日,とうじつ,on the day,,,,,1,1,1,できる日本語 中級 本冊
支払う,しはらう,to pay,,,,,1,1,1,できる日本語 中級 本冊
雨天,うてん,rain,,,,,1,1,1,できる日本語 中級 本冊
就職活動・する,しゅうしょくかつどう・する,to job-hunt,,,,,1,1,1,できる日本語 中級 本冊
重要（な）,じゅうよう,important,,,,,1,1,1,できる日本語 中級 本冊
評価・する,ひょうか・する,to appreciate,,,,,1,1,1,できる日本語 中級 本冊
年々,ねんねん,year after year,,,,,1,1,1,できる日本語 中級 本冊
高まる,たかまる,to increase,,,,,1,1,1,できる日本語 中級 本冊
金額,きんがく,amount (of money),,,,,1,1,1,できる日本語 中級 本冊
領収書,りょうしゅうしょ,receipt,,,,,1,1,1,できる日本語 中級 本冊
サイン・する,,to sign,,,,,1,1,1,できる日本語 中級 本冊
完成・する,かんせい・する,to complete,,,,,1,1,1,できる日本語 中級 本冊
～品,ひん,item,,完成品,completed item,,1,1,1,できる日本語 中級 本冊
工事・する,こうじ・する,to construct,,,,,1,1,1,できる日本語 中級 本冊
立てる,たてる,to make (noise),,音を立てる,to make noise,,1,1,1,できる日本語 中級 本冊
お知らせ,おしらせ,notice,,,,,1,2,2,できる日本語 中級 本冊
以前,いぜん,before,,,,,1,2,2,できる日本語 中級 本冊
できる,,to make (friends),,友達ができる,to make friends,,1,2,2,できる日本語 中級 本冊
ラッキー（な）,,lucky,,,,,1,2,2,できる日本語 中級 本冊
定員,ていいん,limit to the number of participants,,,,,1,2,2,できる日本語 中級 本冊
確か,たしか,if I'm not mistaken,,,,,1,2,2,できる日本語 中級 本冊
プリン,,(custard) pudding,,,,,1,2,2,できる日本語 中級 本冊
気分,きぶん,mood,,,,,1,2,2,できる日本語 中級 本冊
すっきり,,clear,,,,,1,2,2,できる日本語 中級 本冊
天気予報,てんきよほう,weather forecast,,,,,1,3,2,できる日本語 中級 本冊
キャスター,,newscaster,,,,,1,3,2,できる日本語 中級 本冊
気象予報士,きしょうよほうし,weather forecaster,,,,,1,3,2,できる日本語 中級 本冊
青空,あおぞら,clear sky,,,,,1,3,2,できる日本語 中級 本冊
広がる,ひろがる,to prevail,,,,,1,3,2,できる日本語 中級 本冊
日中,にっちゅう,during the day,,,,,1,3,2,できる日本語 中級 本冊
最高,さいこう,highest,,,,,1,3,2,できる日本語 中級 本冊
見込み,みこみ,expectation,,,,,1,3,2,できる日本語 中級 本冊
汗ばむ,あせばむ,to bring out a slight sweat,,,,,1,3,2,できる日本語 中級 本冊
陽気,ようき,warm,,,,,1,3,2,できる日本語 中級 本冊
～日和,びより,perfect weather,,洗濯日和,perfect weather for doing laundry,,1,3,2,できる日本語 中級 本冊
星空,ほしぞら,starry sky,,,,,1,3,2,できる日本語 中級 本冊
のち,,later,,,,,1,3,2,できる日本語 中級 本冊
前日,ぜんじつ,the day before,,,,,1,3,2,できる日本語 中級 本冊
午前中,ごぜんちゅう,in the morning,,,,,1,3,2,できる日本語 中級 本冊
続く,つづく,to continue,,,,,1,3,2,できる日本語 中級 本冊
折りたたみ傘,おりたたみがさ,folding umbrella,,,,,1,3,2,できる日本語 中級 本冊
平年,へいねん,average year,,,,,1,3,2,できる日本語 中級 本冊
～並,なみ,equal to,,平年並,equal to an average year,,1,3,2,できる日本語 中級 本冊
予想・する,よそう・する,to expect,,,,,1,3,2,できる日本語 中級 本冊
肌寒い,はださむい,chilly,,,,,1,3,2,できる日本語 中級 本冊
感じる,かんじる,to feel,,,,,1,3,2,できる日本語 中級 本冊
連休,れんきゅう,holiday weekend,,,,,1,3,2,できる日本語 中級 本冊
～地方,ちほう,region,,東北地方,Tohoku region,,1,3,2,できる日本語 中級 本冊
関東,かんとう,Kanto,,,,,1,3,2,できる日本語 中級 本冊
崩れる,くずれる,to get worse,,天気が崩れる,the weather gets worse,,1,3,2,できる日本語 中級 本冊
各地,かくち,"everywhere, all over the place",,,,,1,3,2,できる日本語 中級 本冊
助かる,たすかる,to be helped,,,,,1,3,2,できる日本語 中級 本冊
しっかりする,,to be reliable,,彼はしっかりしている,he is reliable,,1,4,2,できる日本語 中級 本冊
実は,じつは,in reality,,,,,1,4,2,できる日本語 中級 本冊
おっちょこちょい（な）,,scatter-brained,,,,,1,4,2,できる日本語 中級 本冊
性格,せいかく,character,,,,,1,4,2,できる日本語 中級 本冊
ハッピー（な）,,happy,,,,,1,4,2,できる日本語 中級 本冊
ストーリー,,story,,,,,1,4,2,できる日本語 中級 本冊
イギリス,,the UK,,,,,1,4,2,できる日本語 中級 本冊
気が短い,きがみじかい,to have a short temper,,,,,1,4,2,できる日本語 中級 本冊
怒る,おこる,to get angry,,,,,1,4,2,できる日本語 中級 本冊
行動・する,こうどう・する,behavior,,,,,1,4,2,できる日本語 中級 本冊
ずいぶん,,"rather, awfully",,,,,1,4,2,できる日本語 中級 本冊
欠点,けってん,shortcoming,,,,,1,4,2,できる日本語 中級 本冊
周り,まわり,around,,,,,1,4,2,できる日本語 中級 本冊
交換・する,こうかん・する,to exchange,,,,,1,4,2,できる日本語 中級 本冊
行列・する,ぎょうれつ・する,"to line, to queue",,,,,2,知って楽しむ,3,できる日本語 中級 本冊
評判,ひょうばん,reputation,,,,,2,知って楽しむ,3,できる日本語 中級 本冊
加わる,くわわる,to join,,,,,2,知って楽しむ,3,できる日本語 中級 本冊
～感,かん,sense,,安心感,sense of security,,2,知って楽しむ,3,できる日本語 中級 本冊
つながる,,to lead to,,,,,2,知って楽しむ,3,できる日本語 中級 本冊
関西,かんさい,Kansai,,,,,2,知って楽しむ,3,できる日本語 中級 本冊
印象,いんしょう,impression,,,,,2,知って楽しむ,3,できる日本語 中級 本冊
ある～,,a certain,,ある留学生,a certain overseas student,,2,知って楽しむ,3,できる日本語 中級 本冊
思ったより,おもったより,more than I had imagined,,,,,2,知って楽しむ,3,できる日本語 中級 本冊
拒否・する,きょひ・する,to resist,,,,,2,知って楽しむ,3,できる日本語 中級 本冊
舌,した,tongue,,,,,2,知って楽しむ,3,できる日本語 中級 本冊
グルメ番組,グルメばんぐみ,food program,,,,,2,知って楽しむ,3,できる日本語 中級 本冊
ランチ,,lunch,,,,,2,知って楽しむ,3,できる日本語 中級 本冊
リポーター,,reporter,,,,,2,知って楽しむ,3,できる日本語 中級 本冊
やっと,,finally,,,,,2,知って楽しむ,3,できる日本語 中級 本冊
メイン,,main course,,,,,2,知って楽しむ,3,できる日本語 中級 本冊
グラタン,,gratin,,,,,2,知って楽しむ,3,できる日本語 中級 本冊
お待たせいたしました,おまたせいたしました,thank you for waiting,,,,,2,知って楽しむ,3,できる日本語 中級 本冊
シェフ,,chef,,,,,2,知って楽しむ,3,できる日本語 中級 本冊
アナウンサー,,announcer,,,,,2,知って楽しむ,3,できる日本語 中級 本冊
好み,このみ,"taste, preference",,,,,2,知って楽しむ,3,できる日本語 中級 本冊
さまざま（な）,,"various, different",,,,,2,知って楽しむ,3,できる日本語 中級 本冊
マナー,,manners,,,,,2,知って楽しむ,3,できる日本語 中級 本冊
異なる,ことなる,to differ,,,,,2,知って楽しむ,3,できる日本語 中級 本冊
お役立ち情報,おやくだちじょうほう,useful information,,,,,2,2,3,できる日本語 中級 本冊
クーポン,,coupon,,,,,2,2,3,できる日本語 中級 本冊
サイト,,website,,,,,2,2,3,できる日本語 中級 本冊
予算,よさん,budget,,,,,2,2,3,できる日本語 中級 本冊
検索・する,けんさく・する,to search,,,,,2,2,3,できる日本語 中級 本冊
口コミ,くちコミ,word of mouth,,,,,2,2,3,できる日本語 中級 本冊
感想,かんそう,"impressions, thoughts",,,,,2,2,3,できる日本語 中級 本冊
比較・する,ひかく・する,to compare,,,,,2,2,3,できる日本語 中級 本冊
コメント・する,,to comment,,,,,2,2,3,できる日本語 中級 本冊
参考,さんこう,reference,,,,,2,2,3,できる日本語 中級 本冊
写真立て,しゃしんたて,photo frame,,,,,2,2,3,できる日本語 中級 本冊
アドレス,,address,,,,,2,2,3,できる日本語 中級 本冊
登録・する,とうろく・する,to register,,,,,2,2,3,できる日本語 中級 本冊
バーゲン,,sale,,,,,2,2,3,できる日本語 中級 本冊
安全（な）,あんぜん,safe,,,,,2,2,3,できる日本語 中級 本冊
メーカー,,manufacturer,,,,,2,3,3,できる日本語 中級 本冊
品,しな,product,,,,,2,3,3,できる日本語 中級 本冊
手に入る,てにはいる,"to get hold of, to acquire",,,,,2,3,3,できる日本語 中級 本冊
お買い得,おかいどく,"bargain, good buy",,,,,2,3,3,できる日本語 中級 本冊
お買い上げ,おかいあげ,purchase,,,,,2,3,3,できる日本語 中級 本冊
次回,じかい,next (time),,,,,2,3,3,できる日本語 中級 本冊
メンズ,,men's,,,,,2,3,3,できる日本語 中級 本冊
バッグ,,bag,,,,,2,3,3,できる日本語 中級 本冊
来店・する,らいてん・する,to visit a shop,,,,,2,3,3,できる日本語 中級 本冊
応募・する,おうぼ・する,to apply,,,,,2,3,3,できる日本語 中級 本冊
国内,こくない,domestic (in Japan),,,,,2,3,3,できる日本語 中級 本冊
在住・する,ざいじゅう・する,to reside,,,,,2,3,3,できる日本語 中級 本冊
閉店・する,へいてん・する,to close down,,,,,2,3,3,できる日本語 中級 本冊
出入り口,でいりぐち,"door, entrance/exit",,,,,2,3,3,できる日本語 中級 本冊
駐車・する,ちゅうしゃ・する,to park,,,,,2,3,3,できる日本語 中級 本冊
看板,かんばん,sign,,,,,2,3,3,できる日本語 中級 本冊
試着・する,しちゃく・する,to try on (clothes),,,,,2,4,3,できる日本語 中級 本冊
裾,すそ,hem,,,,,2,4,3,できる日本語 中級 本冊
～ほど,,around,,2時間ほど,around 2 hours,,2,4,3,できる日本語 中級 本冊
受け取る,うけとる,to collect,,,,,2,4,3,できる日本語 中級 本冊
～以降,いこう,after,,4時以降,after 4 o'clock,,2,4,3,できる日本語 中級 本冊
あいにく,,unfortunately,,,,,2,4,3,できる日本語 中級 本冊
キャンセル・する,,to cancel,,,,,2,4,3,できる日本語 中級 本冊
延期・する,えんき・する,to postpone,,,,,2,4,3,できる日本語 中級 本冊
組み立てる,くみたてる,to assemble,,,,,2,4,3,できる日本語 中級 本冊
家具,かぐ,furniture,,,,,2,4,3,できる日本語 中級 本冊
失敗・する,しっぱい・する,"to fail, to make a mistake",,,,,2,5,4,できる日本語 中級 本冊
福袋,ふくぶくろ,lucky bag,,,,,2,5,4,できる日本語 中級 本冊
品物,しなもの,goods,,,,,2,5,4,できる日本語 中級 本冊
ブランド,,brand,,,,,2,5,4,できる日本語 中級 本冊
フリーサイズ,,one size,,,,,2,5,4,できる日本語 中級 本冊
合う,あう,to fit (clothes size),,サイズが合う,the clothes size fits,,2,5,4,できる日本語 中級 本冊
中身,なかみ,contents,,,,,2,5,4,できる日本語 中級 本冊
振り仮名,ふりがな,furigana (reading printed beside kanji),,,,,2,5,4,できる日本語 中級 本冊
家電,かでん,consumer electronics,,,,,2,5,4,できる日本語 中級 本冊
エピソード集,エピソードしゅう,collection of anecdotes,,,,,2,5,4,できる日本語 中級 本冊
効率,こうりつ,efficiency,,,,,3,知って楽しむ,5,できる日本語 中級 本冊
アップ・する,,to increase,,,,,3,知って楽しむ,5,できる日本語 中級 本冊
管理・する,かんり・する,to manage,,,,,3,知って楽しむ,5,できる日本語 中級 本冊
～法,ほう,method,,管理法,management method,,3,知って楽しむ,5,できる日本語 中級 本冊
少しも,すこしも,not at all,,,,,3,知って楽しむ,5,できる日本語 中級 本冊
注目・する,ちゅうもく・する,to focus (on),,,,,3,知って楽しむ,5,できる日本語 中級 本冊
タイマー,,timer,,,,,3,知って楽しむ,5,できる日本語 中級 本冊
活用・する,かつよう・する,to utilize,,,,,3,知って楽しむ,5,できる日本語 中級 本冊
～力,りょく,power,,集中力,power of concentration,,3,知って楽しむ,5,できる日本語 中級 本冊
テクニック,,technique,,,,,3,知って楽しむ,5,できる日本語 中級 本冊
リスト,,list,,,,,3,知って楽しむ,5,できる日本語 中級 本冊
繰り返す,くりかえす,to repeat,,,,,3,知って楽しむ,5,できる日本語 中級 本冊
長め,ながめ,"longish, extended",,,,,3,知って楽しむ,5,できる日本語 中級 本冊
利点,りてん,"benefit, advantage",,,,,3,知って楽しむ,5,できる日本語 中級 本冊
終了・する,しゅうりょう・する,"to end, to complete",,,,,3,知って楽しむ,5,できる日本語 中級 本冊
アラーム,,alarm,,,,,3,知って楽しむ,5,できる日本語 中級 本冊
鳴る,なる,to ring,,,,,3,知って楽しむ,5,できる日本語 中級 本冊
つい,,"can't help, despite oneself",,,,,3,知って楽しむ,5,できる日本語 中級 本冊
スマートフォン,,smartphone,,,,,3,知って楽しむ,5,できる日本語 中級 本冊
関係,かんけい,relation,,,,,3,知って楽しむ,5,できる日本語 中級 本冊
どれだけ,,"how much, to what extent",,,,,3,知って楽しむ,5,できる日本語 中級 本冊
回数,かいすう,number of times,,,,,3,知って楽しむ,5,できる日本語 中級 本冊
しかも,,"moreover, furthermore",,,,,3,知って楽しむ,5,できる日本語 中級 本冊
～気,き,willingness,,やる気,willingness to do something,,3,知って楽しむ,5,できる日本語 中級 本冊
立てる,たてる,to create (a schedule),,スケジュールを立てる,to create a schedule,,3,知って楽しむ,5,できる日本語 中級 本冊
キッチン,,kitchen,,,,,3,知って楽しむ,5,できる日本語 中級 本冊
設定・する,せってい・する,to set,,,,,3,知って楽しむ,5,できる日本語 中級 本冊
ただ,,however,,,,,3,知って楽しむ,5,できる日本語 中級 本冊
受信・する,じゅしん・する,to receive,,,,,3,知って楽しむ,5,できる日本語 中級 本冊
気が散る,きがちる,to be distracted,,,,,3,知って楽しむ,5,できる日本語 中級 本冊
有効（な）,ゆうこう,efficient,,,,,3,1,5,できる日本語 中級 本冊
記事,きじ,article,,,,,3,1,5,できる日本語 中級 本冊
朝活,あさかつ,using the early morning for a particular activity,,,,,3,1,5,できる日本語 中級 本冊
もったいない,,wasteful,,,,,3,1,5,できる日本語 中級 本冊
解消・する,かいしょう・する,to relieve,,,,,3,1,5,できる日本語 中級 本冊
早起きは三文の徳,はやおきはさんもんのとく,the early bird catches the worm,,,,,3,1,5,できる日本語 中級 本冊
早朝,そうちょう,early morning,,,,,3,1,5,できる日本語 中級 本冊
ぴったり（な）,,perfect,,,,,3,1,5,できる日本語 中級 本冊
キャリアアップ・する,,career enhancement,,,,,3,1,5,できる日本語 中級 本冊
出勤・する,しゅっきん・する,to go to work,,,,,3,1,5,できる日本語 中級 本冊
講座,こうざ,course,,,,,3,1,5,できる日本語 中級 本冊
集中・する,しゅうちゅう・する,to concentrate,,,,,3,1,5,できる日本語 中級 本冊
筆者,ひっしゃ,writer,,,,,3,1,5,できる日本語 中級 本冊
初心者,しょしんしゃ,beginner,,,,,3,1,5,できる日本語 中級 本冊
信じる,しんじる,to believe,,,,,3,1,5,できる日本語 中級 本冊
山頂,さんちょう,summit,,,,,3,1,5,できる日本語 中級 本冊
近づく,ちかづく,to get close to,,,,,3,1,5,できる日本語 中級 本冊
眺め,ながめ,view,,,,,3,1,5,できる日本語 中級 本冊
一休み・する,ひとやすみ・する,to take a quick break,,,,,3,1,5,できる日本語 中級 本冊
リズム,,rhythm,,,,,3,2,5,できる日本語 中級 本冊
あっという間,あっというま,in the blink of an eye,,,,,3,2,5,できる日本語 中級 本冊
過ぎる,すぎる,to pass (time),,時間が過ぎる,time passes,,3,2,5,できる日本語 中級 本冊
だらだら,,"leisurely, idly",,,,,3,2,5,できる日本語 中級 本冊
振り返る,ふりかえる,"to reflect, look back on",,,,,3,2,5,できる日本語 中級 本冊
結構,けっこう,fairly,,,,,3,2,5,できる日本語 中級 本冊
浮かぶ,うかぶ,to come into (one's head),,頭に浮かぶ,to come into one's head,,3,2,5,できる日本語 中級 本冊
手帳,てちょう,notebook,,,,,3,2,5,できる日本語 中級 本冊
メモ・する,,"to make a note, to take a memo",,,,,3,2,5,できる日本語 中級 本冊
落ち着く,おちつく,to calm down,,,,,3,2,5,できる日本語 中級 本冊
余裕,よゆう,margin,,,,,3,2,5,できる日本語 中級 本冊
見直す,みなおす,to review,,,,,3,2,5,できる日本語 中級 本冊
また,,again,,,,,3,2,5,できる日本語 中級 本冊
宝物,たからもの,prized possession,,,,,3,3,6,できる日本語 中級 本冊
たまに,,sometimes,,,,,3,3,6,できる日本語 中級 本冊
通勤・する,つうきん・する,to commute,,,,,3,3,6,できる日本語 中級 本冊
貴重（な）,きちょう,precious,,,,,3,3,6,できる日本語 中級 本冊
まとめる,,to summarize,,,,,3,3,6,できる日本語 中級 本冊
楽しむ,たのしむ,to enjoy,,,,,3,4,6,できる日本語 中級 本冊
習い事,ならいごと,lessons,,,,,3,4,6,できる日本語 中級 本冊
公民館,こうみんかん,community center,,,,,3,4,6,できる日本語 中級 本冊
太鼓,たいこ,(Japanese) drum,,,,,3,4,6,できる日本語 中級 本冊
せっかく,,since (I) made such an effort to,,,,,3,4,6,できる日本語 中級 本冊
だったら,,in that case,,,,,3,4,6,できる日本語 中級 本冊
実際に,じっさいに,actually,,,,,3,4,6,できる日本語 中級 本冊
筆箱,ふでばこ,pencil case,,,,,3,4,6,できる日本語 中級 本冊
悪いけど,わるいけど,sorry but,,,,,3,4,6,できる日本語 中級 本冊
グラス,,glass,,,,,3,4,6,できる日本語 中級 本冊
かける,,to address (talk to) someone,,声をかける,to talk to someone,,3,4,6,できる日本語 中級 本冊
公共,こうきょう,public,,,,,4,知って楽しむ,7,できる日本語 中級 本冊
損（な）,そん,(a) waste,,,,,4,知って楽しむ,7,できる日本語 中級 本冊
定期的（な）,ていきてき,regular,,,,,4,知って楽しむ,7,できる日本語 中級 本冊
上映・する,じょうえい・する,to show (a film),,,,,4,知って楽しむ,7,できる日本語 中級 本冊
ミニ,,mini,,,,,4,知って楽しむ,7,できる日本語 中級 本冊
絵画,かいが,painting,,,,,4,知って楽しむ,7,できる日本語 中級 本冊
スペース,,space,,,,,4,知って楽しむ,7,できる日本語 中級 本冊
格安（な）,かくやす,"cheap, reasonable",,,,,4,知って楽しむ,7,できる日本語 中級 本冊
仲間,なかま,(group of) friends,,,,,4,知って楽しむ,7,できる日本語 中級 本冊
計画・する,けいかく・する,to plan,,,,,4,知って楽しむ,7,できる日本語 中級 本冊
さらに,,furthermore,,,,,4,知って楽しむ,7,できる日本語 中級 本冊
工夫・する,くふう・する,to be creative,,,,,4,知って楽しむ,7,できる日本語 中級 本冊
タイムスリップ・する,,to be transported back in time,,,,,4,知って楽しむ,7,できる日本語 中級 本冊
科学,かがく,science,,,,,4,知って楽しむ,7,できる日本語 中級 本冊
知識,ちしき,knowledge,,,,,4,知って楽しむ,7,できる日本語 中級 本冊
増やす,ふやす,to increase,,,,,4,知って楽しむ,7,できる日本語 中級 本冊
芸術,げいじゅつ,art,,,,,4,知って楽しむ,7,できる日本語 中級 本冊
鑑賞・する,かんしょう・する,to appreciate,,,,,4,知って楽しむ,7,できる日本語 中級 本冊
マニア,,enthusiast,,,,,4,知って楽しむ,7,できる日本語 中級 本冊
喜ぶ,よろこぶ,to be pleased,,,,,4,知って楽しむ,7,できる日本語 中級 本冊
詳しい,くわしい,detailed,,,,,4,知って楽しむ,7,できる日本語 中級 本冊
解説・する,かいせつ・する,explanation,,,,,4,知って楽しむ,7,できる日本語 中級 本冊
なるほど,,I see,,,,,4,知って楽しむ,7,できる日本語 中級 本冊
納得・する,なっとく・する,"to be won over, satisfied",,,,,4,知って楽しむ,7,できる日本語 中級 本冊
事前に,じぜんに,in advance,,,,,4,知って楽しむ,7,できる日本語 中級 本冊
専門家,せんもんか,expert,,,,,4,知って楽しむ,7,できる日本語 中級 本冊
和紙,わし,Japanese paper,,,,,4,知って楽しむ,7,できる日本語 中級 本冊
織物,おりもの,textiles,,,,,4,知って楽しむ,7,できる日本語 中級 本冊
身近（な）,みぢか,"nearby, close",,,,,4,知って楽しむ,7,できる日本語 中級 本冊
市町村,しちょうそん,"cities, towns and villages",,,,,4,知って楽しむ,7,できる日本語 中級 本冊
貸し出し,かしだし,lending out,,,,,4,1,7,できる日本語 中級 本冊
本人,ほんにん,the person in question,,,,,4,1,7,できる日本語 中級 本冊
例えば,たとえば,for example,,,,,4,1,7,できる日本語 中級 本冊
自宅,じたく,home,,,,,4,1,7,できる日本語 中級 本冊
郵便物,ゆうびんぶつ,mail (postal),,,,,4,1,7,できる日本語 中級 本冊
かまわない,,it doesn't matter,,,,,4,1,7,できる日本語 中級 本冊
日当たり,ひあたり,exposure to the sun,,,,,4,1,7,できる日本語 中級 本冊
パスワード,,password,,,,,4,1,7,できる日本語 中級 本冊
職員,しょくいん,member of staff,,,,,4,1,7,できる日本語 中級 本冊
管理人,かんりにん,"concierge, (building) manager",,,,,4,2,7,できる日本語 中級 本冊
解決・する,かいけつ・する,"to solve, to resolve",,,,,4,2,7,できる日本語 中級 本冊
ゆうべ,,last night,,,,,4,2,7,できる日本語 中級 本冊
できたら,,if possible,,,,,4,2,7,できる日本語 中級 本冊
伺う,うかがう,to ask,,,,,4,2,7,できる日本語 中級 本冊
通路,つうろ,"corridor, hallway",,,,,4,2,7,できる日本語 中級 本冊
切れる,きれる,"to go out (light, lamp)",,電気が切れる,the light goes out,,4,2,7,できる日本語 中級 本冊
取り換える,とりかえる,to replace,,,,,4,2,7,できる日本語 中級 本冊
ようこそ,,welcome,,,,,4,3,7,できる日本語 中級 本冊
トレーニング・する,,to train,,,,,4,3,7,できる日本語 中級 本冊
在勤・する,ざいきん・する,"to be working at (a company, etc.)",,,,,4,3,7,できる日本語 中級 本冊
在学・する,ざいがく・する,"to be attending (a school, etc.)",,,,,4,3,7,できる日本語 中級 本冊
講習,こうしゅう,course,,,,,4,3,7,できる日本語 中級 本冊
器具,きぐ,equipment,,,,,4,3,7,できる日本語 中級 本冊
有無,うむ,with or without,,,,,4,3,7,できる日本語 中級 本冊
指導・する,しどう・する,"to instruct, to guide",,,,,4,3,7,できる日本語 中級 本冊
通年,つうねん,all year round,,,,,4,3,7,できる日本語 中級 本冊
ヨガ,,yoga,,,,,4,3,7,できる日本語 中級 本冊
卓球,たっきゅう,table tennis,,,,,4,3,7,できる日本語 中級 本冊
バレーボール,,volleyball,,,,,4,3,7,できる日本語 中級 本冊
各～,かく,each,,各20人,20 people each,,4,3,7,できる日本語 中級 本冊
シューズ,,shoes,,,,,4,3,7,できる日本語 中級 本冊
持参・する,じさん・する,to bring something (with you),,,,,4,3,7,できる日本語 中級 本冊
年齢,ねんれい,age,,,,,4,3,7,できる日本語 中級 本冊
性別,せいべつ,gender,,,,,4,3,7,できる日本語 中級 本冊
返事・する,へんじ・する,to reply,,,,,4,3,7,できる日本語 中級 本冊
天候,てんこう,weather,,,,,4,3,7,できる日本語 中級 本冊
到着・する,とうちゃく・する,to arrive,,,,,4,3,7,できる日本語 中級 本冊
施設,しせつ,facility,,,,,4,3,7,できる日本語 中級 本冊
様子,ようす,appearance,,,,,4,4,8,できる日本語 中級 本冊
特徴,とくちょう,feature(s),,,,,4,4,8,できる日本語 中級 本冊
ロビー,,lobby,,,,,4,4,8,できる日本語 中級 本冊
寄る,よる,to drop in,,,,,4,4,8,できる日本語 中級 本冊
ソファ,,sofa,,,,,4,4,8,できる日本語 中級 本冊
ギャラリー,,gallery,,,,,4,4,8,できる日本語 中級 本冊
作品,さくひん,"work (picture/painting, etc.)",,,,,4,4,8,できる日本語 中級 本冊
展示・する,てんじ・する,to exhibit,,,,,4,4,8,できる日本語 中級 本冊
ラケット,,racket,,,,,4,4,8,できる日本語 中級 本冊
気軽（な）,きがる,easy,,,,,4,4,8,できる日本語 中級 本冊
偶然,ぐうぜん,"suddenly, by chance",,,,,4,4,8,できる日本語 中級 本冊
急用,きゅうよう,emergency,,,,,4,4,8,できる日本語 中級 本冊
イヤホン,,earphones,,,,,4,4,8,できる日本語 中級 本冊
先,さき,(up) ahead,,,,,4,5,8,できる日本語 中級 本冊
灰色,はいいろ,grey,,,,,4,5,8,できる日本語 中級 本冊
斜め,ななめ,diagonally,,,,,4,5,8,できる日本語 中級 本冊
正面,しょうめん,front,,,,,4,5,8,できる日本語 中級 本冊
植える,うえる,to plant,,,,,4,5,8,できる日本語 中級 本冊
方針,ほうしん,policy,,,,,4,5,8,できる日本語 中級 本冊
進める,すすめる,to proceed,,,,,4,5,8,できる日本語 中級 本冊
プラン,,plan,,,,,4,5,8,できる日本語 中級 本冊
防災,ぼうさい,disaster prevention,,,,,5,知って楽しむ,9,できる日本語 中級 本冊
国土,こくど,territory,,,,,5,知って楽しむ,9,できる日本語 中級 本冊
陸地,りくち,land,,,,,5,知って楽しむ,9,できる日本語 中級 本冊
たった,,only,,,,,5,知って楽しむ,9,できる日本語 中級 本冊
～割,わり,percent,,2割,20%,,5,知って楽しむ,9,できる日本語 中級 本冊
人間,にんげん,human,,,,,5,知って楽しむ,9,できる日本語 中級 本冊
力,ちから,"strength, power",,,,,5,知って楽しむ,9,できる日本語 中級 本冊
被害,ひがい,damage,,,,,5,知って楽しむ,9,できる日本語 中級 本冊
非常,ひじょう,emergency,,,,,5,知って楽しむ,9,できる日本語 中級 本冊
持ち出す,もちだす,to take out,,,,,5,知って楽しむ,9,できる日本語 中級 本冊
震災,しんさい,earthquake disaster,,,,,5,知って楽しむ,9,できる日本語 中級 本冊
被災・する,ひさい・する,to be a victim (of a disaster),,,,,5,知って楽しむ,9,できる日本語 中級 本冊
十分（な）,じゅうぶん,adequately,,,,,5,知って楽しむ,9,できる日本語 中級 本冊
受け入れる,うけいれる,to accommodate,,,,,5,知って楽しむ,9,できる日本語 中級 本冊
全国,ぜんこく,"nationwide, all over the country",,,,,5,知って楽しむ,9,できる日本語 中級 本冊
仮設テント,かせつテント,temporary tent,,,,,5,知って楽しむ,9,できる日本語 中級 本冊
張る,はる,to pitch (a tent),,,,,5,知って楽しむ,9,できる日本語 中級 本冊
数～,すう,several,,数日,several days,,5,知って楽しむ,9,できる日本語 中級 本冊
そこで,,there,,,,,5,知って楽しむ,9,できる日本語 中級 本冊
送る,おくる,to live (an evacuation life),,避難生活を送る,to live in an evacuation shelter,,5,知って楽しむ,9,できる日本語 中級 本冊
設備,せつび,facilities,,,,,5,知って楽しむ,9,できる日本語 中級 本冊
普段,ふだん,everyday,,,,,5,知って楽しむ,9,できる日本語 中級 本冊
別,べつ,different,,,,,5,知って楽しむ,9,できる日本語 中級 本冊
役割,やくわり,role,,,,,5,知って楽しむ,9,できる日本語 中級 本冊
マンホール,,manhole,,,,,5,知って楽しむ,9,できる日本語 中級 本冊
ふた,,cover,,,,,5,知って楽しむ,9,できる日本語 中級 本冊
簡易便器,かんいべんき,simple toilet bowl,,,,,5,知って楽しむ,9,できる日本語 中級 本冊
載せる,のせる,to put on,,,,,5,知って楽しむ,9,できる日本語 中級 本冊
下水道,げすいどう,sewer,,,,,5,知って楽しむ,9,できる日本語 中級 本冊
処理・する,しょり・する,"to treat, to process",,,,,5,知って楽しむ,9,できる日本語 中級 本冊
ベンチ,,bench,,,,,5,知って楽しむ,9,できる日本語 中級 本冊
かまど,,oven,,,,,5,知って楽しむ,9,できる日本語 中級 本冊
貯水槽,ちょすいそう,water tank,,,,,5,知って楽しむ,9,できる日本語 中級 本冊
ポンプ,,pump,,,,,5,知って楽しむ,9,できる日本語 中級 本冊
くみ上げる,くみあげる,to pump,,,,,5,知って楽しむ,9,できる日本語 中級 本冊
用水,ようすい,water for irrigation,,,,,5,知って楽しむ,9,できる日本語 中級 本冊
防火,ぼうか,fire prevention,,,,,5,知って楽しむ,9,できる日本語 中級 本冊
電灯,でんとう,electric light,,,,,5,知って楽しむ,9,できる日本語 中級 本冊
太陽光,たいようこう,sunlight,,,,,5,知って楽しむ,9,できる日本語 中級 本冊
発電・する,はつでん・する,to generate power,,,,,5,知って楽しむ,9,できる日本語 中級 本冊
停電・する,ていでん・する,"to lose power, to have a power cut",,,,,5,知って楽しむ,9,できる日本語 中級 本冊
示す,しめす,to show,,,,,5,知って楽しむ,9,できる日本語 中級 本冊
目印,めじるし,"mark, sign",,,,,5,知って楽しむ,9,できる日本語 中級 本冊
備えあれば憂いなし,そなえあればうれいなし,be prepared and have no regrets,,,,,5,知って楽しむ,9,できる日本語 中級 本冊
ラジオ,,radio,,,,,5,1,9,できる日本語 中級 本冊
緊急,きんきゅう,emergency,,,,,5,1,9,できる日本語 中級 本冊
速報,そくほう,news flash,,,,,5,1,9,できる日本語 中級 本冊
ただ今,ただいま,"right now, just now",,,,,5,1,9,できる日本語 中級 本冊
震度,しんど,seismic intensity,,,,,5,1,9,できる日本語 中級 本冊
～弱,じゃく,lower,,震度5弱,seismic intensity 5-lower,,5,1,9,できる日本語 中級 本冊
念のため,ねんのため,just in case,,,,,5,1,9,できる日本語 中級 本冊
津波,つなみ,"tsunami, tidal wave",,,,,5,1,9,できる日本語 中級 本冊
警戒・する,けいかい・する,to be careful of,,,,,5,1,9,できる日本語 中級 本冊
身,み,self,,,,,5,1,9,できる日本語 中級 本冊
確保・する,かくほ・する,to ensure,,,,,5,1,9,できる日本語 中級 本冊
先ほど,さきほど,a little while ago,,,,,5,1,9,できる日本語 中級 本冊
震源,しんげん,epicenter,,,,,5,1,9,できる日本語 中級 本冊
沖,おき,open sea,,,,,5,1,9,できる日本語 中級 本冊
深さ,ふかさ,depth,,,,,5,1,9,できる日本語 中級 本冊
マグニチュード,,magnitude,,,,,5,1,9,できる日本語 中級 本冊
記録・する,きろく・する,to register (on the Richter scale),,,,,5,1,9,できる日本語 中級 本冊
余震,よしん,aftershock,,,,,5,1,9,できる日本語 中級 本冊
接近・する,せっきん・する,to approach,,,,,5,1,9,できる日本語 中級 本冊
欠航・する,けっこう・する,to cancel (flight),,,,,5,1,9,できる日本語 中級 本冊
大雨,おおあめ,heavy rain,,,,,5,1,9,できる日本語 中級 本冊
影響・する,えいきょう・する,to affect,,,,,5,1,9,できる日本語 中級 本冊
消防署,しょうぼうしょ,fire department,,,,,5,1,9,できる日本語 中級 本冊
乾燥・する,かんそう・する,to dry,,,,,5,1,9,できる日本語 中級 本冊
火災,かさい,fire,,,,,5,1,9,できる日本語 中級 本冊
発生・する,はっせい・する,to occur,,,,,5,1,9,できる日本語 中級 本冊
呼びかける,よびかける,to appeal to,,,,,5,1,9,できる日本語 中級 本冊
固定・する,こてい・する,"to fix, to secure",,,,,5,1,9,できる日本語 中級 本冊
雷雨,らいう,thunderstorm,,,,,5,1,9,できる日本語 中級 本冊
状況,じょうきょう,circumstances,,,,,5,2,10,できる日本語 中級 本冊
よろしいでしょうか,,would it be all right?,,,,,5,2,10,できる日本語 中級 本冊
レポート,,report,,,,,5,2,10,できる日本語 中級 本冊
変更・する,へんこう・する,to change,,,,,5,2,10,できる日本語 中級 本冊
放送・する,ほうそう・する,to broadcast,,,,,5,2,10,できる日本語 中級 本冊
人身事故,じんしんじこ,accident between a vehicle and a person,,,,,5,2,10,できる日本語 中級 本冊
幸せ（な）,しあわせ,happiness,,,,,5,2,10,できる日本語 中級 本冊
心,こころ,heart,,,,,5,2,10,できる日本語 中級 本冊
状態,じょうたい,situation,,,,,5,3,10,できる日本語 中級 本冊
イラスト,,illustration,,,,,5,3,10,できる日本語 中級 本冊
横断歩道,おうだんほどう,pedestrian crossing,,,,,5,3,10,できる日本語 中級 本冊
患者,かんじゃ,patient,,,,,5,3,10,できる日本語 中級 本冊
手首,てくび,wrist,,,,,5,3,10,できる日本語 中級 本冊
ひねる,,to twist,,,,,5,3,10,できる日本語 中級 本冊
道路,どうろ,road,,,,,5,3,10,できる日本語 中級 本冊
たつ,,to pass (time),,時間がたつ,time passes,,5,3,10,できる日本語 中級 本冊
足首,あしくび,ankle,,,,,5,3,10,できる日本語 中級 本冊
痛める,いためる,to hurt,,,,,5,3,10,できる日本語 中級 本冊
診る,みる,to examine (medical),,,,,5,3,10,できる日本語 中級 本冊
不思議（な）,ふしぎ,strange,,,,,5,3,10,できる日本語 中級 本冊
変化・する,へんか・する,to change,,,,,5,3,10,できる日本語 中級 本冊
人々,ひとびと,people,,,,,5,3,10,できる日本語 中級 本冊
避難・する,ひなん・する,to evacuate,,,,,5,4,10,できる日本語 中級 本冊
訓練・する,くんれん・する,to train,,,,,5,4,10,できる日本語 中級 本冊
注意事項,ちゅういじこう,"important points, points to note",,,,,5,4,10,できる日本語 中級 本冊
プリント,,hand-out,,,,,5,4,10,できる日本語 中級 本冊
慌てる,あわてる,to panic,,,,,5,4,10,できる日本語 中級 本冊
日ごろ,ひごろ,daily,,,,,5,4,10,できる日本語 中級 本冊
いざというとき,,in a crisis,,,,,5,4,10,できる日本語 中級 本冊
指示・する,しじ・する,to instruct,,,,,5,4,10,できる日本語 中級 本冊
決して,けっして,never,,,,,5,4,10,できる日本語 中級 本冊
煙,けむり,smoke,,,,,5,4,10,できる日本語 中級 本冊
覆う,おおう,to cover,,,,,5,4,10,できる日本語 中級 本冊
ひじ,,elbow,,,,,5,4,10,できる日本語 中級 本冊
つく,,to put (your elbows on the table),,ひじをつく,to put your elbows on the table,,5,4,10,できる日本語 中級 本冊
組む,くむ,"to cross (legs, arms, etc.)",,,,,5,4,10,できる日本語 中級 本冊
災害,さいがい,disaster,,,,,5,5,10,できる日本語 中級 本冊
急病,きゅうびょう,sudden illness,,,,,5,5,10,できる日本語 中級 本冊
ハイキング・する,,to hike,,,,,5,5,10,できる日本語 中級 本冊
斜面,しゃめん,slope,,,,,5,5,10,できる日本語 中級 本冊
滑り落ちる,すべりおちる,to slide,,,,,5,5,10,できる日本語 中級 本冊
雨上がり,あめあがり,after rain,,,,,5,5,10,できる日本語 中級 本冊
飛ばす,とばす,to fly/blow (away),,,,,5,5,10,できる日本語 中級 本冊
崩す,くずす,to give way,,,,,5,5,10,できる日本語 中級 本冊
すりむく,,to graze,,,,,5,5,10,できる日本語 中級 本冊
血,ち,blood,,,,,5,5,10,できる日本語 中級 本冊
うずくまる,,to crouch,,,,,5,5,10,できる日本語 中級 本冊
全身,ぜんしん,whole body,,,,,5,5,10,できる日本語 中級 本冊
泥,どろ,mud,,,,,5,5,10,できる日本語 中級 本冊
無事（な）,ぶじ,safely,,,,,5,5,10,できる日本語 中級 本冊
元,もと,original,,,,,5,5,10,できる日本語 中級 本冊
溺れる,おぼれる,to drown,,,,,5,5,10,できる日本語 中級 本冊
助ける,たすける,to help,,,,,5,5,10,できる日本語 中級 本冊
飛び込む,とびこむ,to jump into,,,,,5,5,10,できる日本語 中級 本冊
弁当箱,べんとうばこ,lunch box,,,,,5,5,10,できる日本語 中級 本冊
傷,きず,scratch,,,,,5,5,10,できる日本語 中級 本冊
倉庫,そうこ,warehouse,,,,,5,5,10,できる日本語 中級 本冊
ほこり,,dust,,,,,5,5,10,できる日本語 中級 本冊
共有・する,きょうゆう・する,to share,,,,,5,5,10,できる日本語 中級 本冊
快適（な）,かいてき,comfortably,,,,,6,知って楽しむ,11,できる日本語 中級 本冊
梅雨,つゆ,rainy season,,,,,6,知って楽しむ,11,できる日本語 中級 本冊
焼ける,やける,to burn,,,,,6,知って楽しむ,11,できる日本語 中級 本冊
太陽,たいよう,the sun,,,,,6,知って楽しむ,11,できる日本語 中級 本冊
今でこそ,いまでこそ,nowadays,,,,,6,知って楽しむ,11,できる日本語 中級 本冊
普及・する,ふきゅう・する,to be widespread,,,,,6,知って楽しむ,11,できる日本語 中級 本冊
しのぐ,,to weather out,,,,,6,知って楽しむ,11,できる日本語 中級 本冊
つるす,,"to hang, to suspend",,,,,6,知って楽しむ,11,できる日本語 中級 本冊
チリンチリン,,tinkle,,,,,6,知って楽しむ,11,できる日本語 中級 本冊
魔除け,まよけ,talisman (to ward off evil spirits),,,,,6,知って楽しむ,11,できる日本語 中級 本冊
打ち水,うちみず,sprinkling water,,,,,6,知って楽しむ,11,できる日本語 中級 本冊
地面,じめん,the ground,,,,,6,知って楽しむ,11,できる日本語 中級 本冊
まく,,to sprinkle,,水をまく,to sprinkle water,,6,知って楽しむ,11,できる日本語 中級 本冊
光景,こうけい,"sight, scene",,,,,6,知って楽しむ,11,できる日本語 中級 本冊
蒸発・する,じょうはつ・する,to evaporate,,,,,6,知って楽しむ,11,できる日本語 中級 本冊
奪う,うばう,to take away,,,,,6,知って楽しむ,11,できる日本語 中級 本冊
近年,きんねん,in recent years,,,,,6,知って楽しむ,11,できる日本語 中級 本冊
作戦,さくせん,grand plan,,,,,6,知って楽しむ,11,できる日本語 中級 本冊
開催・する,かいさい・する,to hold,,,,,6,知って楽しむ,11,できる日本語 中級 本冊
水道水,すいどうすい,tap water,,,,,6,知って楽しむ,11,できる日本語 中級 本冊
残り湯,のこりゆ,leftover bathwater,,,,,6,知って楽しむ,11,できる日本語 中級 本冊
雨水,あまみず,rainwater,,,,,6,知って楽しむ,11,できる日本語 中級 本冊
平均,へいきん,average,,,,,6,話してみよう,11,できる日本語 中級 本冊
降水量,こうすいりょう,amount of rainfall,,,,,6,話してみよう,11,できる日本語 中級 本冊
気候,きこう,climate,,,,,6,1,11,できる日本語 中級 本冊
コーナー,,"display (in museum, etc.)",,,,,6,1,11,できる日本語 中級 本冊
南北,なんぼく,north to south,,,,,6,1,11,できる日本語 中級 本冊
島,しま,island,,,,,6,1,11,できる日本語 中級 本冊
山林,さんりん,mountains and forests,,,,,6,1,11,できる日本語 中級 本冊
～分の～,ぶん,xx parts of xx,,3分の2,two thirds,,6,1,11,できる日本語 中級 本冊
地形,ちけい,terrain,,,,,6,1,11,できる日本語 中級 本冊
温帯,おんたい,temperate zone,,,,,6,1,11,できる日本語 中級 本冊
位置・する,いち・する,to be located,,,,,6,1,11,できる日本語 中級 本冊
蒸し暑い,むしあつい,humid,,,,,6,1,11,できる日本語 中級 本冊
～側,がわ,side,,太平洋側,pacific ocean side,,6,1,11,できる日本語 中級 本冊
ペンション,,boarding house,,,,,6,1,11,できる日本語 中級 本冊
割合,わりあい,ratio,,,,,6,1,11,できる日本語 中級 本冊
例年,れいねん,average year,,,,,6,1,11,できる日本語 中級 本冊
連なる,つらなる,"to extend, to stretch",,,,,6,1,11,できる日本語 中級 本冊
恵まれる,めぐまれる,to be rich in,,,,,6,1,11,できる日本語 中級 本冊
展望台,てんぼうだい,viewing platform,,,,,6,1,11,できる日本語 中級 本冊
美しい,うつくしい,beautiful,,,,,6,1,11,できる日本語 中級 本冊
平野,へいや,plain,,,,,6,1,11,できる日本語 中級 本冊
庭,にわ,garden,,,,,6,1,11,できる日本語 中級 本冊
石垣,いしがき,stone wall,,,,,6,1,11,できる日本語 中級 本冊
名園,めいえん,great gardens,,,,,6,1,11,できる日本語 中級 本冊
音声,おんせい,audio,,,,,6,2,11,できる日本語 中級 本冊
瓦,かわら,roof tile,,,,,6,2,11,できる日本語 中級 本冊
軒,のき,eaves,,,,,6,2,11,できる日本語 中級 本冊
塀,へい,wall,,,,,6,2,11,できる日本語 中級 本冊
石,いし,stone,,,,,6,2,11,できる日本語 中級 本冊
ふるさと,,hometown,,,,,6,2,11,できる日本語 中級 本冊
合わせる,あわせる,"to adjust, to be suited to",,,,,6,2,11,できる日本語 中級 本冊
日差し,ひざし,sunlight,,,,,6,2,11,できる日本語 中級 本冊
しっくい,,plaster,,,,,6,2,11,できる日本語 中級 本冊
セメント,,cement,,,,,6,2,11,できる日本語 中級 本冊
固める,かためる,to secure,,,,,6,2,11,できる日本語 中級 本冊
鉄筋,てっきん,rebar (iron reinforcing bar),,,,,6,2,11,できる日本語 中級 本冊
コンクリート,,concrete,,,,,6,2,11,できる日本語 中級 本冊
気象,きしょう,weather,,,,,6,2,11,できる日本語 中級 本冊
小論文,しょうろんぶん,short essay,,,,,6,2,11,できる日本語 中級 本冊
畳,たたみ,tatami (straw floor mats),,,,,6,2,11,できる日本語 中級 本冊
フローリング,,wooden flooring,,,,,6,2,11,できる日本語 中級 本冊
現金,げんきん,cash,,,,,6,2,11,できる日本語 中級 本冊
電子マネー,でんしマネー,electronic money,,,,,6,2,11,できる日本語 中級 本冊
アドバイス・する,,to give advice,,,,,6,3,12,できる日本語 中級 本冊
体調,たいちょう,"physical condition, health",,,,,6,3,12,できる日本語 中級 本冊
なんだか,,"a little, somewhat",,,,,6,3,12,できる日本語 中級 本冊
和菓子,わがし,Japanese sweets,,,,,6,3,12,できる日本語 中級 本冊
港,みなと,port,,,,,6,3,12,できる日本語 中級 本冊
栄える,さかえる,"to thrive, to flourish",,,,,6,3,12,できる日本語 中級 本冊
現在,げんざい,current,,,,,6,4,12,できる日本語 中級 本冊
人口,じんこう,population,,,,,6,4,12,できる日本語 中級 本冊
都市,とし,city,,,,,6,4,12,できる日本語 中級 本冊
県庁,けんちょう,prefectural office,,,,,6,4,12,できる日本語 中級 本冊
～周辺,しゅうへん,in the vicinity of,,駅周辺,in the vicinity of the station,,6,4,12,できる日本語 中級 本冊
地区,ちく,district,,,,,6,4,12,できる日本語 中級 本冊
商業,しょうぎょう,commerce,,,,,6,4,12,できる日本語 中級 本冊
砂浜,すなはま,sandy beach,,,,,6,4,12,できる日本語 中級 本冊
～年代,ねんだい,"era, century",,1600年代,in the 17th century,,6,4,12,できる日本語 中級 本冊
～街,がい,quarter,,中華街,Chinese quarter,,6,4,12,できる日本語 中級 本冊
タワー,,tower,,,,,6,4,12,できる日本語 中級 本冊
今では,いまでは,nowadays,,,,,6,4,12,できる日本語 中級 本冊
訪れる,おとずれる,to visit,,,,,6,4,12,できる日本語 中級 本冊
延びる,のびる,to extend,,,,,6,4,12,できる日本語 中級 本冊
名付ける,なづける,to name,,,,,6,4,12,できる日本語 中級 本冊
村,むら,village,,,,,6,4,12,できる日本語 中級 本冊
埋め立てる,うめたてる,to reclaim (land),,,,,6,4,12,できる日本語 中級 本冊
浜,はま,beach,,,,,6,4,12,できる日本語 中級 本冊
地名,ちめい,place name,,,,,6,4,12,できる日本語 中級 本冊
風景,ふうけい,scenery,,,,,6,4,12,できる日本語 中級 本冊
まとまる,,to cohere,,,,,6,4,12,できる日本語 中級 本冊
地方,ちほう,region,,,,,6,4,12,できる日本語 中級 本冊
名産品,めいさんひん,local specialty,,,,,6,4,12,できる日本語 中級 本冊
にぎわう,,to be crowded,,,,,6,4,12,できる日本語 中級 本冊
一生,いっしょう,a lifetime,,,,,6,4,12,できる日本語 中級 本冊
頑固（な）,がんこ,stubborn,,,,,6,4,12,できる日本語 中級 本冊
職人,しょくにん,artisan,,,,,6,4,12,できる日本語 中級 本冊
海洋,かいよう,ocean,,,,,6,4,12,できる日本語 中級 本冊
生物,せいぶつ,creature,,,,,6,4,12,できる日本語 中級 本冊
化石,かせき,fossil,,,,,6,4,12,できる日本語 中級 本冊
辺り,あたり,area,,,,,6,4,12,できる日本語 中級 本冊
産業,さんぎょう,industry,,,,,6,4,12,できる日本語 中級 本冊
盛ん（な）,さかん,thriving,,,,,6,4,12,できる日本語 中級 本冊
企業,きぎょう,company,,,,,6,4,12,できる日本語 中級 本冊
発展・する,はってん・する,to develop,,,,,6,4,12,できる日本語 中級 本冊
特産物,とくさんぶつ,specialty,,,,,6,5,12,できる日本語 中級 本冊
空っ風,からっかぜ,karakkaze (dry wind),,,,,6,5,12,できる日本語 中級 本冊
吹く,ふく,to blow,,,,,6,5,12,できる日本語 中級 本冊
湿る,しめる,"to be moist, humid",,,,,6,5,12,できる日本語 中級 本冊
越える,こえる,to go/come over,,,,,6,5,12,できる日本語 中級 本冊
風力,ふうりょく,wind power,,,,,6,5,12,できる日本語 中級 本冊
凧揚げ,たこあげ,kite flying,,,,,6,5,12,できる日本語 中級 本冊
揚げる,あげる,"to fly, to hoist",,,,,6,5,12,できる日本語 中級 本冊
思い浮かべる,おもいうかべる,to think of,,,,,6,5,12,できる日本語 中級 本冊
同年代,どうねんだい,the same generation,,,,,7,知って楽しむ,13,できる日本語 中級 本冊
すると,,when I did this,,,,,7,知って楽しむ,13,できる日本語 中級 本冊
返る,かえる,to come back,,,,,7,知って楽しむ,13,できる日本語 中級 本冊
タメ口,タメぐち,peer language,,,,,7,知って楽しむ,13,できる日本語 中級 本冊
違和感,いわかん,uncomfortable feeling,,,,,7,知って楽しむ,13,できる日本語 中級 本冊
共通・する,きょうつう・する,"to share, to have in common",,,,,7,知って楽しむ,13,できる日本語 中級 本冊
友人,ゆうじん,friend,,,,,7,知って楽しむ,13,できる日本語 中級 本冊
対等（な）,たいとう,equal,,,,,7,知って楽しむ,13,できる日本語 中級 本冊
回答・する,かいとう・する,to reply,,,,,7,知って楽しむ,13,できる日本語 中級 本冊
初対面,しょたいめん,first meeting,,,,,7,知って楽しむ,13,できる日本語 中級 本冊
タイミング,,timing,,,,,7,知って楽しむ,13,できる日本語 中級 本冊
話題,わだい,subject,,,,,7,知って楽しむ,13,できる日本語 中級 本冊
分野,ぶんや,field,,,,,7,知って楽しむ,13,できる日本語 中級 本冊
より～,,more,,より早く,faster,,7,知って楽しむ,13,できる日本語 中級 本冊
判断・する,はんだん・する,to judge,,,,,7,知って楽しむ,13,できる日本語 中級 本冊
思い切って,おもいきって,to take the plunge and,,,,,7,知って楽しむ,13,できる日本語 中級 本冊
体験談,たいけんだん,(story of an) experience,,,,,7,1,13,できる日本語 中級 本冊
海岸,かいがん,coast,,,,,7,1,13,できる日本語 中級 本冊
年代,ねんだい,"generation, age",,,,,7,1,13,できる日本語 中級 本冊
～分け,わけ,division,,グループ分け,division into groups,,7,1,13,できる日本語 中級 本冊
年配,ねんぱい,older,,,,,7,1,13,できる日本語 中級 本冊
要る,いる,to need,,,,,7,1,13,できる日本語 中級 本冊
～以外,いがい,other than,,勉強以外,other than studying,,7,1,13,できる日本語 中級 本冊
景気,けいき,the economy,,,,,7,1,13,できる日本語 中級 本冊
都心,としん,city centre,,,,,7,1,13,できる日本語 中級 本冊
ドレス,,dress (formal),,,,,7,1,13,できる日本語 中級 本冊
努力・する,どりょく・する,to make an effort,,,,,7,1,13,できる日本語 中級 本冊
当然（な）,とうぜん,"reasonable, natural",,,,,7,1,13,できる日本語 中級 本冊
ブログ,,blog,,,,,7,1,13,できる日本語 中級 本冊
フットサル,,futsal (indoor football),,,,,7,1,13,できる日本語 中級 本冊
ネット,,the Net (the Internet),,インターネット,the Internet,,7,1,13,できる日本語 中級 本冊
メンバー,,member,,,,,7,1,13,できる日本語 中級 本冊
数,かず,number,,,,,7,1,13,できる日本語 中級 本冊
～代,だい,generation/decade,,40代,40s,,7,1,13,できる日本語 中級 本冊
シュート・する,,to shoot,,,,,7,1,13,できる日本語 中級 本冊
お互い,おたがい,mutual,,,,,7,1,13,できる日本語 中級 本冊
チームプレー,,team play,,,,,7,1,13,できる日本語 中級 本冊
気がする,きがする,to get the feeling that…,,,,,7,1,13,できる日本語 中級 本冊
掛け声,かけごえ,"call, shout",,,,,7,1,13,できる日本語 中級 本冊
瞬間,しゅんかん,moment,,,,,7,1,13,できる日本語 中級 本冊
ハイタッチ・する,,high five,,,,,7,1,13,できる日本語 中級 本冊
意外（な）,いがい,unexpected,,,,,7,1,13,できる日本語 中級 本冊
出会い,であい,encounter,,,,,7,1,13,できる日本語 中級 本冊
出店・する,しゅってん・する,to set up a stall,,,,,7,2,13,できる日本語 中級 本冊
中古品,ちゅうこひん,second-hand goods,,,,,7,2,13,できる日本語 中級 本冊
介助犬,かいじょけん,service dog,,,,,7,2,13,できる日本語 中級 本冊
育成・する,いくせい・する,to train,,,,,7,2,13,できる日本語 中級 本冊
寄付・する,きふ・する,to donate,,,,,7,2,13,できる日本語 中級 本冊
～金,きん,money,,寄付金,donation,,7,2,13,できる日本語 中級 本冊
受ける,うける,to accept,,誘いを受ける,to accept an invitation,,7,2,13,できる日本語 中級 本冊
売り上げ,うりあげ,sales,,,,,7,2,13,できる日本語 中級 本冊
一部,いちぶ,a part of,,,,,7,2,13,できる日本語 中級 本冊
今ごろ,いまごろ,around this time,,,,,7,2,13,できる日本語 中級 本冊
点,てん,"marks, grade",,,,,7,2,13,できる日本語 中級 本冊
たまたま,,"by chance, unexpectedly",,,,,7,2,13,できる日本語 中級 本冊
団体,だんたい,group,,,,,7,2,13,できる日本語 中級 本冊
学園祭,がくえんさい,school festival,,,,,7,2,13,できる日本語 中級 本冊
全て,すべて,all,,,,,7,2,13,できる日本語 中級 本冊
苦しむ,くるしむ,to suffer,,,,,7,2,13,できる日本語 中級 本冊
世代,せだい,generation,,,,,7,3,13,できる日本語 中級 本冊
ミーティング・する,,to have a meeting,,,,,7,3,13,できる日本語 中級 本冊
定年,ていねん,retirement age,,,,,7,3,13,できる日本語 中級 本冊
退職・する,たいしょく・する,to retire,,,,,7,3,13,できる日本語 中級 本冊
～とも,,both,,2人とも,both of you,,7,3,13,できる日本語 中級 本冊
ただ,,just,,,,,7,3,13,できる日本語 中級 本冊
かみさん,,(speaker's) wife,,,,,7,3,13,できる日本語 中級 本冊
うらやましい,,jealous,,,,,7,3,13,できる日本語 中級 本冊
人見知り・する,ひとみしり・する,to be uncomfortable around strangers,,,,,7,3,13,できる日本語 中級 本冊
～同士,どうし,us guys/girls,,男同士,us men,,7,3,13,できる日本語 中級 本冊
な,,huh? (sentence-final particle),,頑張ろうな,"We should try hard, huh?",,7,3,13,できる日本語 中級 本冊
素晴らしい,すばらしい,"magnificent, incredible",,,,,7,3,13,できる日本語 中級 本冊
いつか,,"sometime, someday",,,,,7,3,13,できる日本語 中級 本冊
月日,つきひ,time passes,,,,,7,3,13,できる日本語 中級 本冊
夢中（な）,むちゅう,to be engrossed,,,,,7,3,13,できる日本語 中級 本冊
迎える,むかえる,to welcome,,,,,7,4,14,できる日本語 中級 本冊
感動・する,かんどう・する,"to be impressed, to be moved",,,,,7,4,14,できる日本語 中級 本冊
若々しい,わかわかしい,youthful,,,,,7,4,14,できる日本語 中級 本冊
持ち上げる,もちあげる,to lift (up),,,,,7,4,14,できる日本語 中級 本冊
トラック,,truck,,,,,7,4,14,できる日本語 中級 本冊
孫,まご,grandchild,,,,,7,4,14,できる日本語 中級 本冊
気象庁,きしょうちょう,meteorological agency,,,,,7,4,14,できる日本語 中級 本冊
暖冬,だんとう,mild winter,,,,,7,4,14,できる日本語 中級 本冊
期待・する,きたい・する,to expect,,,,,7,4,14,できる日本語 中級 本冊
親孝行・する,おやこうこう・する,to be a good son/daughter,,,,,7,4,14,できる日本語 中級 本冊
タイトル,,title,,,,,7,4,14,できる日本語 中級 本冊
立派（な）,りっぱ,"splendid, elegant",,,,,7,4,14,できる日本語 中級 本冊
包装・する,ほうそう・する,to wrap,,,,,8,知って楽しむ,15,できる日本語 中級 本冊
仕方,しかた,"method, way",,,,,8,知って楽しむ,15,できる日本語 中級 本冊
任せる,まかせる,to leave it up to (someone else),,,,,8,知って楽しむ,15,できる日本語 中級 本冊
箱,はこ,box,,,,,8,知って楽しむ,15,できる日本語 中級 本冊
包装紙,ほうそうし,wrapping paper,,,,,8,知って楽しむ,15,できる日本語 中級 本冊
リボン,,ribbon,,,,,8,知って楽しむ,15,できる日本語 中級 本冊
かける,,to put on (a ribbon),,リボンをかける,to put on a ribbon,,8,知って楽しむ,15,できる日本語 中級 本冊
ラッピング・する,,to wrap,,,,,8,知って楽しむ,15,できる日本語 中級 本冊
グッズ,,goods,,,,,8,知って楽しむ,15,できる日本語 中級 本冊
貴族,きぞく,aristocrat,,,,,8,知って楽しむ,15,できる日本語 中級 本冊
さらす,,to immerse,,,,,8,知って楽しむ,15,できる日本語 中級 本冊
当時,とうじ,"of the time, at that time",,,,,8,知って楽しむ,15,できる日本語 中級 本冊
高価（な）,こうか,highly-priced,,,,,8,知って楽しむ,15,できる日本語 中級 本冊
表れ,あらわれ,expression,,,,,8,知って楽しむ,15,できる日本語 中級 本冊
破る,やぶる,to rip,,,,,8,知って楽しむ,15,できる日本語 中級 本冊
ブックカバー,,book cover,,,,,8,知って楽しむ,15,できる日本語 中級 本冊
あるいは,,or,,,,,8,知って楽しむ,15,できる日本語 中級 本冊
含める,ふくめる,to be included,,,,,8,知って楽しむ,15,できる日本語 中級 本冊
ぐっと,,considerably,,,,,8,知って楽しむ,15,できる日本語 中級 本冊
許可・する,きょか・する,to permit,,,,,8,1,15,できる日本語 中級 本冊
～末,まつ,end,,来月末,end of next month,,8,1,15,できる日本語 中級 本冊
全く,まったく,(not) at all,,,,,8,1,15,できる日本語 中級 本冊
同僚,どうりょう,colleague,,,,,8,1,15,できる日本語 中級 本冊
かける,,to cause (a problem),,迷惑をかける,to cause a problem,,8,1,15,できる日本語 中級 本冊
回収・する,かいしゅう・する,to collect,,,,,8,1,15,できる日本語 中級 本冊
置き場,おきば,collection point,,,,,8,1,15,できる日本語 中級 本冊
色違い,いろちがい,a different color,,,,,8,1,15,できる日本語 中級 本冊
申し訳ありません,もうしわけありません,I'm sorry,,,,,8,1,15,できる日本語 中級 本冊
朝礼,ちょうれい,morning meeting,,,,,8,1,15,できる日本語 中級 本冊
オープンキャンパス,,campus open day,,,,,8,1,15,できる日本語 中級 本冊
一時帰国,いちじきこく,a trip to one's home country,,,,,8,1,15,できる日本語 中級 本冊
帰国・する,きこく・する,to go back to one's home country,,,,,8,1,15,できる日本語 中級 本冊
メッセージ,,message,,,,,8,2,15,できる日本語 中級 本冊
一筆箋,いっぴつせん,"ippitsusen (long, slim writing pad for short notes)",,,,,8,2,15,できる日本語 中級 本冊
伝わる,つたわる,to communicate,,,,,8,2,15,できる日本語 中級 本冊
縦,たて,length,,,,,8,2,15,できる日本語 中級 本冊
～センチ,,cm,,18センチ,18cm,,8,2,15,できる日本語 中級 本冊
細長い,ほそながい,long and thin,,,,,8,2,15,できる日本語 中級 本冊
便箋,びんせん,writing paper,,,,,8,2,15,できる日本語 中級 本冊
堅い,かたい,formal,,,,,8,2,15,できる日本語 中級 本冊
本題,ほんだい,main theme,,,,,8,2,15,できる日本語 中級 本冊
手書き,てがき,handwritten,,,,,8,2,15,できる日本語 中級 本冊
贈り物,おくりもの,present,,,,,8,2,15,できる日本語 中級 本冊
お世話になっています,おせわになっています,Thank you for your (continued) support.,,,,,8,2,15,できる日本語 中級 本冊
気が利く,きがきく,thoughtful,,,,,8,2,15,できる日本語 中級 本冊
機械,きかい,machine,,,,,8,2,15,できる日本語 中級 本冊
印刷・する,いんさつ・する,to print,,,,,8,2,15,できる日本語 中級 本冊
済ませる,すませる,"to get something done with, over with",,,,,8,2,15,できる日本語 中級 本冊
思い,おもい,thoughts,,,,,8,2,15,できる日本語 中級 本冊
先日,せんじつ,the other day,,,,,8,2,15,できる日本語 中級 本冊
近況,きんきょう,"how you are doing, what you have been doing lately",,,,,8,2,15,できる日本語 中級 本冊
お久しぶりです,おひさしぶりです,It's been a long time.,,,,,8,2,15,できる日本語 中級 本冊
相変わらず,あいかわらず,as ever,,,,,8,2,15,できる日本語 中級 本冊
出産・する,しゅっさん・する,to give birth,,,,,8,2,15,できる日本語 中級 本冊
ちょっとした,,a little,,,,,8,2,15,できる日本語 中級 本冊
一言,ひとこと,a note,,,,,8,2,15,できる日本語 中級 本冊
添える,そえる,"to include, to attach",,,,,8,2,15,できる日本語 中級 本冊
気に入る,きにいる,to like,,,,,8,2,15,できる日本語 中級 本冊
愚痴,ぐち,complaint,,,,,8,3,15,できる日本語 中級 本冊
ラストオーダー,,last orders,,,,,8,3,15,できる日本語 中級 本冊
追加・する,ついか・する,to add,,,,,8,3,15,できる日本語 中級 本冊
生ビール,なまビール,draft beer,,,,,8,3,15,できる日本語 中級 本冊
渋滞・する,じゅうたい・する,to clog/back up,,,,,8,3,15,できる日本語 中級 本冊
帰宅・する,きたく・する,to go home,,,,,8,3,15,できる日本語 中級 本冊
久しぶり（な）,ひさしぶり,for the first time in a long time,,,,,8,3,15,できる日本語 中級 本冊
壊す,こわす,to damage (one's health),,体を壊す,to damage one's health,,8,3,15,できる日本語 中級 本冊
割る,わる,to break,,,,,8,3,15,できる日本語 中級 本冊
サプライズパーティー,,surprise party,,,,,8,3,15,できる日本語 中級 本冊
言葉遣い,ことばづかい,use of language,,,,,8,4,16,できる日本語 中級 本冊
間違う,まちがう,to make a mistake,,,,,8,4,16,できる日本語 中級 本冊
ショック,,shock,,,,,8,4,16,できる日本語 中級 本冊
受ける,うける,"to receive, to get (a shock)",,ショックを受ける,to get a shock,,8,4,16,できる日本語 中級 本冊
落ち込む,おちこむ,"to feel discouraged, down",,,,,8,4,16,できる日本語 中級 本冊
わざわざ,,purposely,,,,,8,4,16,できる日本語 中級 本冊
倒す,たおす,to knock over,,,,,8,4,16,できる日本語 中級 本冊
汚す,よごす,"to stain, to make dirty",,,,,8,4,16,できる日本語 中級 本冊
本気（な）,ほんき,for real,,,,,8,4,16,できる日本語 中級 本冊
わざと,,on purpose,,,,,8,4,16,できる日本語 中級 本冊
後悔・する,こうかい・する,to regret,,,,,8,5,16,できる日本語 中級 本冊
なんで,,why,,,,,8,5,16,できる日本語 中級 本冊
なんか,,something,,,,,9,知って楽しむ,17,できる日本語 中級 本冊
変（な）,へん,"odd, strange",,,,,9,知って楽しむ,17,できる日本語 中級 本冊
ふもと,,foot (of a mountain),,,,,9,知って楽しむ,17,できる日本語 中級 本冊
～軒,けん,counter for buildings,,1軒,1 building,,9,知って楽しむ,17,できる日本語 中級 本冊
お参り・する,おまいり・する,to visit a shrine/temple,,,,,9,知って楽しむ,17,できる日本語 中級 本冊
村人,むらびと,villager,,,,,9,知って楽しむ,17,できる日本語 中級 本冊
平気（な）,へいき,without giving it a second thought,,,,,9,知って楽しむ,17,できる日本語 中級 本冊
和尚,おしょう,buddhist priest (in charge of a temple),,,,,9,知って楽しむ,17,できる日本語 中級 本冊
わいわい,,noisily,,,,,9,知って楽しむ,17,できる日本語 中級 本冊
やって来る,やってくる,to come along,,,,,9,知って楽しむ,17,できる日本語 中級 本冊
口々に,くちぐちに,unanimously,,,,,9,知って楽しむ,17,できる日本語 中級 本冊
裸,はだか,naked,,,,,9,知って楽しむ,17,できる日本語 中級 本冊
誤解・する,ごかい・する,to misunderstand,,,,,9,知って楽しむ,17,できる日本語 中級 本冊
文章,ぶんしょう,"text, sentence",,,,,9,知って楽しむ,17,できる日本語 中級 本冊
笑い出す,わらいだす,to burst out laughing,,,,,9,知って楽しむ,17,できる日本語 中級 本冊
訳,わけ,reason,,,,,9,知って楽しむ,17,できる日本語 中級 本冊
早口言葉,はやくちことば,tongue twister,,,,,9,話してみよう,17,できる日本語 中級 本冊
柿,かき,kaki (persimmon),,,,,9,話してみよう,17,できる日本語 中級 本冊
食う,くう,to eat,,,,,9,話してみよう,17,できる日本語 中級 本冊
パジャマ,,pyjamas,,,,,9,話してみよう,17,できる日本語 中級 本冊
カエル,,frog,,,,,9,話してみよう,17,できる日本語 中級 本冊
ぴょこぴょこ,,hop hop,,,,,9,話してみよう,17,できる日本語 中級 本冊
なぞなぞ,,riddle,,,,,9,話してみよう,17,できる日本語 中級 本冊
回文,かいぶん,palindrome,,,,,9,話してみよう,17,できる日本語 中級 本冊
マウス,,mouse,,,,,9,話してみよう,17,できる日本語 中級 本冊
崖,がけ,cliff,,,,,9,話してみよう,17,できる日本語 中級 本冊
わ,,sentence ending used by women,,けがしたわ,I hurt myself!,,9,話してみよう,17,できる日本語 中級 本冊
詩,し,poem,,,,,9,1,17,できる日本語 中級 本冊
載る,のる,to be published,,,,,9,1,17,できる日本語 中級 本冊
小鳥,ことり,small bird,,,,,9,1,17,できる日本語 中級 本冊
鈴,すず,bell,,,,,9,1,17,できる日本語 中級 本冊
両手,りょうて,both hands/arms,,,,,9,1,17,できる日本語 中級 本冊
広げる,ひろげる,to spread out,,,,,9,1,17,できる日本語 中級 本冊
空,そら,the sky,,,,,9,1,17,できる日本語 中級 本冊
ちっとも,,(not) even a little bit,,,,,9,1,17,できる日本語 中級 本冊
地べた,じべた,the ground,,,,,9,1,17,できる日本語 中級 本冊
ゆする,,to shake,,,,,9,1,17,できる日本語 中級 本冊
唄,うた,song,,,,,9,1,17,できる日本語 中級 本冊
暮らす,くらす,to live,,,,,9,1,17,できる日本語 中級 本冊
～後,ご,after,,帰国後,after returning to one's home country,,9,1,17,できる日本語 中級 本冊
励ます,はげます,to encourage,,,,,9,1,17,できる日本語 中級 本冊
生きる,いきる,to live,,,,,9,1,17,できる日本語 中級 本冊
時代,じだい,era,,,,,9,1,17,できる日本語 中級 本冊
個性,こせい,individuality,,,,,9,1,17,できる日本語 中級 本冊
～らしさ,,sense of,,自分らしさ,sense of being oneself,,9,1,17,できる日本語 中級 本冊
認める,みとめる,to recognize,,,,,9,1,17,できる日本語 中級 本冊
込める,こめる,to include,,,,,9,1,17,できる日本語 中級 本冊
許す,ゆるす,to forgive,,,,,9,1,17,できる日本語 中級 本冊
消費・する,しょうひ・する,to consume,,,,,9,1,17,できる日本語 中級 本冊
～者,しゃ,person who,,消費者,consumer,,9,1,17,できる日本語 中級 本冊
開発・する,かいはつ・する,to develop,,,,,9,1,17,できる日本語 中級 本冊
実話,じつわ,true story,,,,,9,1,17,できる日本語 中級 本冊
コマーシャル,,commercial,,,,,9,2,17,できる日本語 中級 本冊
フリーダイヤル,,toll-free number,,,,,9,2,17,できる日本語 中級 本冊
～製,せい,made of,,革製,made of leather,,9,2,17,できる日本語 中級 本冊
かけ間違い,かけまちがい,wrong number,,,,,9,2,17,できる日本語 中級 本冊
いったい,,(what) on earth,,,,,9,2,17,できる日本語 中級 本冊
文字,もじ,character,,,,,9,2,17,できる日本語 中級 本冊
イメージ・する,,to give an impression of,,,,,9,2,17,できる日本語 中級 本冊
数える,かぞえる,to count,,,,,9,2,17,できる日本語 中級 本冊
遠足,えんそく,school trip,,,,,9,2,17,できる日本語 中級 本冊
作家,さっか,writer,,,,,9,2,17,できる日本語 中級 本冊
4こま漫画,よんこままんが,four-frame comic strip,,,,,9,3,17,できる日本語 中級 本冊
せりふ,,dialogue,,,,,9,3,17,できる日本語 中級 本冊
登場人物,とうじょうじんぶつ,character,,,,,9,3,17,できる日本語 中級 本冊
はしご,,ladder,,,,,9,3,17,できる日本語 中級 本冊
わくわく,,excited,,,,,9,3,17,できる日本語 中級 本冊
はらはら,,on the edge of one's seat,,,,,9,3,17,できる日本語 中級 本冊
しょんぼり,,crestfallen,,,,,9,3,17,できる日本語 中級 本冊
駄目（な）,だめ,not allowed,,,,,9,3,17,できる日本語 中級 本冊
だって,,that's because,,,,,9,3,17,できる日本語 中級 本冊
勘違い・する,かんちがい・する,to misunderstand,,,,,9,4,18,できる日本語 中級 本冊
顔が広い,かおがひろい,to know a lot of people,,,,,9,4,18,できる日本語 中級 本冊
顔から火が出る,かおからひがでる,to blush profusely,,,,,9,4,18,できる日本語 中級 本冊
表現・する,ひょうげん・する,to express,,,,,9,4,18,できる日本語 中級 本冊
黙る,だまる,to fall silent,,,,,9,4,18,できる日本語 中級 本冊
必死（な）,ひっし,to struggle,,,,,9,4,18,できる日本語 中級 本冊
あはは,,ha ha ha,,,,,9,4,18,できる日本語 中級 本冊
もう少しで,もうすこしで,nearly,,,,,9,4,18,できる日本語 中級 本冊
優勝・する,ゆうしょう・する,"to win (a tournament, contest, etc.)",,,,,9,4,18,できる日本語 中級 本冊
飛び上がる,とびあがる,to jump up,,,,,9,4,18,できる日本語 中級 本冊
ほっぺた,,cheek (face),,,,,9,4,18,できる日本語 中級 本冊
飛び出す,とびだす,to run out,,,,,9,4,18,できる日本語 中級 本冊
疑問,ぎもん,doubt,,,,,9,5,18,できる日本語 中級 本冊
女子高生,じょしこうせい,high school girl,,,,,9,5,18,できる日本語 中級 本冊
男,おとこ,male,,,,,9,5,18,できる日本語 中級 本冊
女,おんな,female,,,,,9,5,18,できる日本語 中級 本冊
男女,だんじょ,male & female,,,,,9,5,18,できる日本語 中級 本冊
目上,めうえ,elder/senior,,,,,9,5,18,できる日本語 中級 本冊
使い分ける,つかいわける,to use different (language) depending on the situation,,,,,9,5,18,できる日本語 中級 本冊
若者,わかもの,youth,,,,,9,5,18,できる日本語 中級 本冊
我慢・する,がまん・する,to put up with,,,,,9,5,18,できる日本語 中級 本冊
のんびり,,leisurely,,,,,10,知って楽しむ,19,できる日本語 中級 本冊
海岸線,かいがんせん,coastal line,,,,,10,知って楽しむ,19,できる日本語 中級 本冊
渓谷,けいこく,valley,,,,,10,知って楽しむ,19,できる日本語 中級 本冊
トロッコ列車,トロッコれっしゃ,Torokko tram,,,,,10,知って楽しむ,19,できる日本語 中級 本冊
SL,,steam locomotive,,,,,10,知って楽しむ,19,できる日本語 中級 本冊
製造・する,せいぞう・する,to manufacture,,,,,10,知って楽しむ,19,できる日本語 中級 本冊
鉄,てつ,iron,,,,,10,知って楽しむ,19,できる日本語 中級 本冊
扇風機,せんぷうき,electric fan,,,,,10,知って楽しむ,19,できる日本語 中級 本冊
石炭,せきたん,coal,,,,,10,知って楽しむ,19,できる日本語 中級 本冊
燃やす,もやす,to burn,,,,,10,知って楽しむ,19,できる日本語 中級 本冊
入り込む,はいりこむ,to come in,,,,,10,知って楽しむ,19,できる日本語 中級 本冊
揺れる,ゆれる,to rock,,,,,10,知って楽しむ,19,できる日本語 中級 本冊
～産,さん,produced in,,静岡県産,produced in Shizuoka,,10,知って楽しむ,19,できる日本語 中級 本冊
車窓,しゃそう,train window,,,,,10,知って楽しむ,19,できる日本語 中級 本冊
目を向ける,めをむける,to look (towards),,,,,10,知って楽しむ,19,できる日本語 中級 本冊
通り過ぎる,とおりすぎる,to roll by,,,,,10,知って楽しむ,19,できる日本語 中級 本冊
車掌,しゃしょう,conductor,,,,,10,知って楽しむ,19,できる日本語 中級 本冊
土地,とち,countryside,,,,,10,知って楽しむ,19,できる日本語 中級 本冊
ハーモニカ,,harmonica,,,,,10,知って楽しむ,19,できる日本語 中級 本冊
乗客,じょうきゃく,passenger,,,,,10,知って楽しむ,19,できる日本語 中級 本冊
ハプニング,,something unexpected,,,,,10,知って楽しむ,19,できる日本語 中級 本冊
思いがけない,おもいがけない,unforeseen,,,,,10,知って楽しむ,19,できる日本語 中級 本冊
出来事,できごと,incident,,,,,10,知って楽しむ,19,できる日本語 中級 本冊
向かい合う,むかいあう,to sit across from,,,,,10,知って楽しむ,19,できる日本語 中級 本冊
フリー切符,フリーきっぷ,unlimited ride ticket,,,,,10,知って楽しむ,19,できる日本語 中級 本冊
乗り降り・する,のりおり・する,to hop on and hop off,,,,,10,知って楽しむ,19,できる日本語 中級 本冊
配布・する,はいふ・する,to distribute,,,,,10,知って楽しむ,19,できる日本語 中級 本冊
観光マップ,かんこうマップ,sightseeing map,,,,,10,知って楽しむ,19,できる日本語 中級 本冊
書き込む,かきこむ,to write down,,,,,10,知って楽しむ,19,できる日本語 中級 本冊
ときには,,from time to time,,,,,10,知って楽しむ,19,できる日本語 中級 本冊
薦める,すすめる,to recommend,,,,,10,知って楽しむ,19,できる日本語 中級 本冊
世界自然遺産,せかいしぜんいさん,World Natural Heritage Site,,,,,10,1,19,できる日本語 中級 本冊
～発,はつ,departing,,羽田発,departing Haneda,,10,1,19,できる日本語 中級 本冊
地元,じもと,local,,,,,10,1,19,できる日本語 中級 本冊
豊かさ,ゆたかさ,richness,,,,,10,1,19,できる日本語 中級 本冊
見どころ,みどころ,highlight,,,,,10,1,19,できる日本語 中級 本冊
杉,すぎ,Japanese cedar,,,,,10,1,19,できる日本語 中級 本冊
トレッキング・する,,to go trekking,,,,,10,1,19,できる日本語 中級 本冊
所要時間,しょようじかん,time required,,,,,10,1,19,できる日本語 中級 本冊
歩行距離,ほこうきょり,walking distance,,,,,10,1,19,できる日本語 中級 本冊
往復・する,おうふく・する,to make a round trip,,,,,10,1,19,できる日本語 中級 本冊
樹齢,じゅれい,age of a tree,,,,,10,1,19,できる日本語 中級 本冊
神秘的（な）,しんぴてき,mysterious,,,,,10,1,19,できる日本語 中級 本冊
姿,すがた,appearance,,,,,10,1,19,できる日本語 中級 本冊
言い表す,いいあらわす,to describe,,,,,10,1,19,できる日本語 中級 本冊
モデル,,model,,,,,10,1,19,できる日本語 中級 本冊
森,もり,forest,,,,,10,1,19,できる日本語 中級 本冊
日常,にちじょう,everyday,,,,,10,1,19,できる日本語 中級 本冊
海の幸,うみのさち,the bounty of the sea,,,,,10,1,19,できる日本語 中級 本冊
山の幸,やまのさち,the bounty of the land,,,,,10,1,19,できる日本語 中級 本冊
民宿,みんしゅく,guest house,,,,,10,1,19,できる日本語 中級 本冊
味わう,あじわう,to savor,,,,,10,1,19,できる日本語 中級 本冊
頂上,ちょうじょう,summit,,,,,10,1,19,できる日本語 中級 本冊
朝日,あさひ,the sunrise,,,,,10,1,19,できる日本語 中級 本冊
積もる,つもる,"to accumulate, to pile up",,,,,10,1,19,できる日本語 中級 本冊
おやつ,,snack,,,,,10,1,19,できる日本語 中級 本冊
おつまみ,,snack (to eat with a beer or other drink),,,,,10,1,19,できる日本語 中級 本冊
通る,とおる,to be supplied with (electricity),,電気が通る,to be supplied with electricity,,10,1,19,できる日本語 中級 本冊
日帰り・する,ひがえり・する,to take a day trip,,,,,10,1,19,できる日本語 中級 本冊
滝,たき,waterfall,,,,,10,1,19,できる日本語 中級 本冊
食材,しょくざい,ingredients,,,,,10,1,19,できる日本語 中級 本冊
門,もん,gate,,,,,10,1,19,できる日本語 中級 本冊
国宝,こくほう,national treasure,,,,,10,1,19,できる日本語 中級 本冊
指定・する,してい・する,to designate,,,,,10,1,19,できる日本語 中級 本冊
全体,ぜんたい,overall,,,,,10,1,19,できる日本語 中級 本冊
彫刻・する,ちょうこく・する,to carve,,,,,10,1,19,できる日本語 中級 本冊
彫る,ほる,to carve,,,,,10,1,19,できる日本語 中級 本冊
豪華さ,ごうかさ,splendor,,,,,10,1,19,できる日本語 中級 本冊
名所,めいしょ,famous spot,,,,,10,1,19,できる日本語 中級 本冊
まるで,,"as though, just as if",,,,,10,1,19,できる日本語 中級 本冊
絵の具,えのぐ,paints,,,,,10,2,19,できる日本語 中級 本冊
カラフル（な）,,colorful,,,,,10,2,19,できる日本語 中級 本冊
トンネル,,tunnel,,,,,10,2,19,できる日本語 中級 本冊
一気に,いっきに,all at once,,,,,10,2,19,できる日本語 中級 本冊
流れ落ちる,ながれおちる,to flow down,,,,,10,2,19,できる日本語 中級 本冊
迫力満点,はくりょくまんてん,full impact,,,,,10,2,19,できる日本語 中級 本冊
ごうごう,,roaring,,,,,10,2,19,できる日本語 中級 本冊
鯱,しゃちほこ,shachihoko (mythical carp ornament),,,,,10,2,19,できる日本語 中級 本冊
～世紀,せいき,century,,17世紀,17th century,,10,2,19,できる日本語 中級 本冊
代表・する,だいひょう・する,to represent,,,,,10,2,19,できる日本語 中級 本冊
誇り,ほこり,pride,,,,,10,2,19,できる日本語 中級 本冊
戦争・する,せんそう・する,to go to war,,,,,10,2,19,できる日本語 中級 本冊
天守閣,てんしゅかく,castle tower,,,,,10,2,19,できる日本語 中級 本冊
再び,ふたたび,again,,,,,10,2,19,できる日本語 中級 本冊
金,きん,gold,,,,,10,2,19,できる日本語 中級 本冊
上り,のぼり,northbound,,,,,10,2,19,できる日本語 中級 本冊
列車,れっしゃ,train,,,,,10,2,19,できる日本語 中級 本冊
発車・する,はっしゃ・する,to depart (vehicle),,,,,10,2,19,できる日本語 中級 本冊
カーディガン,,cardigan,,,,,10,3,20,できる日本語 中級 本冊
奥,おく,inside,,,,,10,3,20,できる日本語 中級 本冊
もしかしたら,,maybe,,,,,10,3,20,できる日本語 中級 本冊
ございます,,(we) have (it),,,,,10,3,20,できる日本語 中級 本冊
着払い,ちゃくばらい,COD (cash on delivery),,,,,10,3,20,できる日本語 中級 本冊
宅配便,たくはいびん,courier service,,,,,10,3,20,できる日本語 中級 本冊
グレー,,grey,,,,,10,3,20,できる日本語 中級 本冊
胸,むね,chest,,,,,10,3,20,できる日本語 中級 本冊
マーク,,emblem,,,,,10,3,20,できる日本語 中級 本冊
まだまだ,,still…yet,,,,,10,3,20,できる日本語 中級 本冊
請求・する,せいきゅう・する,to invoice,,,,,10,3,20,できる日本語 中級 本冊
洗面台,せんめんだい,(bathroom) sink,,,,,10,3,20,できる日本語 中級 本冊
車内,しゃない,"inside a train, etc.",,,,,10,4,20,できる日本語 中級 本冊
座席,ざせき,seat,,,,,10,4,20,できる日本語 中級 本冊
鉄道,てつどう,railway,,,,,10,4,20,できる日本語 中級 本冊
グリーン車,グリーンしゃ,1st class carriage,,,,,10,4,20,できる日本語 中級 本冊
販売・する,はんばい・する,to sell,,,,,10,4,20,できる日本語 中級 本冊
停車・する,ていしゃ・する,to stop (train),,,,,10,4,20,できる日本語 中級 本冊
時刻,じこく,time,,,,,10,4,20,できる日本語 中級 本冊
禁煙・する,きんえん・する,to stop smoking,,,,,10,4,20,できる日本語 中級 本冊
デッキ,,deck,,,,,10,4,20,できる日本語 中級 本冊
通話・する,つうわ・する,to make a call,,,,,10,4,20,できる日本語 中級 本冊
なお,,"also, as well",,,,,10,4,20,できる日本語 中級 本冊
満席,まんせき,fully booked,,,,,10,4,20,できる日本語 中級 本冊
いたす,,to do (humble),,,,,10,4,20,できる日本語 中級 本冊
あらかじめ,,in advance,,,,,10,4,20,できる日本語 中級 本冊
了承・する,りょうしょう・する,"to note, to understand",,,,,10,4,20,できる日本語 中級 本冊
心より,こころより,from the bottom of one's heart,,,,,10,4,20,できる日本語 中級 本冊
車両,しゃりょう,carriage,,,,,10,4,20,できる日本語 中級 本冊
内回り,うちまわり,inner circle,,,,,10,4,20,できる日本語 中級 本冊
見合わせる,みあわせる,to postpone,,,,,10,4,20,できる日本語 中級 本冊
尋ねる,たずねる,to ask,,,,,10,4,20,できる日本語 中級 本冊
幸運（な）,こううん,lucky,,,,,10,5,20,できる日本語 中級 本冊
雲,くも,cloud,,,,,10,5,20,できる日本語 中級 本冊
早速,さっそく,straight away,,,,,10,5,20,できる日本語 中級 本冊
路面電車,ろめんでんしゃ,tram,,,,,10,5,20,できる日本語 中級 本冊
天井,てんじょう,ceiling,,,,,10,5,20,できる日本語 中級 本冊
満足（な）,まんぞく,satisfying,,,,,10,5,20,できる日本語 中級 本冊
～ぶりに,,the first time in,,10年ぶりに,the first time in 10 years,,10,5,20,できる日本語 中級 本冊
再会・する,さいかい・する,"to reunite, to meet again",,,,,10,5,20,できる日本語 中級 本冊
さすが,,as one would expect,,,,,10,5,20,できる日本語 中級 本冊
香り,かおり,aroma,,,,,10,5,20,できる日本語 中級 本冊
旅行記,りょこうき,travel journal,,,,,10,5,20,できる日本語 中級 本冊
